Treatment,Acetaldehyde,Ethyl alcohol,Methyl vinyl ketone,2-Butanone,"Furan, 2-methyl-",2-Butanol,Isobutyronitrile,"Furan, tetrahydro-",Amylene Hydrate ,Isovaleraldehyde,Benzene,Acetic acid,1-Butanol,"Hexane, 3-methyl- ",Pentanal,Heptane,"2-Propanone, 1-hydroxy-","1-Pentene, 2,4,4-trimethyl-  ","2-Propenoic acid, 2-methyl-, methyl ester",Ethoxy ethanol<2->,"Butanenitrile, 2-methyl-","Butanenitrile, 3-methyl-","1-Butanol, 3-methyl-",Methyl-2-pentanone<4->  ,"Disulfide, dimethyl ",Propanoic acid,2-Propenoic acid ,"2-Pentenal, (E)-",Pyrrole,Toluene,Pentanol,"Propyl aldoxime, 2-methyl-, anti-","2,4-Pentanedione",134,"Heptane, 3-methylene-","2-Butenal, 3-methyl-",2-Hexanone,Cyclopentanone,Octane ,"3-Penten-2-one, 4-methyl- ",Hexanal,15,Butanoic acid,Butyl acetate,3-Furaldehyde,"1H-Pyrrole, 1-ethyl-","Heptane, 2,4-dimethyl- ",10,Furfural,102,"Cyclohexane, 1,2,4-trimethyl- ",Hexenal<2E->,"Benzene, 1-chloro-4-(trifluoromethyl)- ",Hexenol<3Z->,Butanoic acid<2-methyl->   ,Ethylbenzene,"Octane, 4-methyl- ","Butyl aldoxime, 3-methyl-, syn-",17,2-Furanmethanol,m-xylene,p-Xylene,Hexenol<2E-> ,"Butyl aldoxime, 2-methyl-, syn-",Hexanol<N->,Isopentyl acetate,"Butyl aldoxime, 2-methyl-, anti-","1,5-Heptadiene, 2,6-dimethyl- ",Hexenol<2Z-> ,3-Heptanone,"Butyl aldoxime, 3-methyl-, anti",Heptanone<2-> ,Styrene,o-Xylene,"Cyclopentanone, 2-methyl-",new 3,Cyclohexanone,Nonane ,Heptanal ,"Pentane, 1-nitro-",Acetylfuran<2->  ,Hydroxybutanoic acid lactone<4->,2(5H)-Furanone,4,Cumene,"2,5-Hexanedione  ","1,2-Cyclopentanedione ",Pinene<alpha->,new 2,"Formamide, N,N-diethyl-",Camphene  ,"Hexanal, 2-ethyl- ",Benzaldehyde,"Benzene, 1-ethyl-3-methyl-",Furfural<5-methyl-> ,"Benzene, 1,2,3-trimethyl-",Dimethyl trisulfide ,beta-Pinene,Octen-3-one<1->,"Benzene, 1-ethyl-2-methyl- ","2-Propenoic acid, 2-methyl-, butyl ester  ",Octen-3-ol<1-> ,alpha-Methylstyrene,"2,3-Octanedione ",Hepten-2-one<6-methyl-5->,"2H-Pyran, 2-ethenyltetrahydro-2,6,6-trimethyl- ",Myrcene,Mesitylene,Phenol,19,Decane,Octanal<N->,Phellandrene<alpha->,Hexenyl acetate<3Z->,Hexanoic acid,Carene<delta-3->,Benzyl chloride,Hexyl acetate,Terpinene<alpha-> ,Hexenyl acetate<2E->,4-Cyanocyclohexene,"Trimethyl benzene<1,2,4->","Dodecane, 2,5-dimethyl-  ",Cymene<para->,Limonene,Sylvestrene,"1-Hexanol, 2-ethyl-",Indane,78,Ocimene<(Z)-beta-> ,Benzyl alcohol,Lavender Lactone,"Benzenemethanamine, N,N-dimethyl- ",Benzene acetaldehyde,Ocimene<(E)-beta->,"Benzene, 1-methyl-3-propyl-","Heptane, 5-ethyl-2,2,3-trimethyl-","2H-Pyran-2-one, tetrahydro-",Hexalactone<gamma->,Bergamal,"Benzene, 2-ethyl-1,4-dimethyl-",Terpinene<gamma->  ,"Decane, 4-methyl-",Octanol<N->,"Decane, 2-methyl-",Acetophenone,"Decane, 3-methyl-",3-Hexenedinitrile ,Linalool oxide <cis-> (furanoid),33,"Benzenemethanol, alpha,alpha-dimethyl-",Fenchone ,Linalool oxide<trans-> (furanoid),Terpinolene ,Cymenene<para->,Heptanoic acid,Undecane,Linalool,Nonanal<N->,Fenchol<endo->,Phenyl ethyl alcohol,Maltol ,"Benzene, 1,2,3,5-tetramethyl-",Ocimene<allo->,4-Acetyl-1-methylcyclohexene ,Ethyl hexanoic acid<2->,"Bicyclo[3.1.1]heptan-3-ol, 6,6-dimethyl-2-methylene-, [1S-(1?,3?,5?)]- ",Benzeneacetonitrile,2-Oxepanone,Viridene,Camphor,Nerol Oxide ,"Bicyclo[3.1.1]heptan-3-one, 2,6,6-trimethyl-, (1-alpha,2-alpha,5-alpha)- ",Ethyl hexyl acetate<2-> ,Borneol ,Linalool oxide<cis->(pyanoid) ,Ethyl benzoate ,Nonanol<N->,Menthol,"Bicyclo[3.1.1]heptan-3-one, 2,6,6-trimethyl-, (1-alpha,2-beta,5-alpha)",Linalool oxide<trans->(pyranoid),Terpinen-4-ol,Naphthalene,"Butanoic acid, 3-hexenyl ester, (Z)- ","3,7-Octadiene-2,6-diol, 2,6-dimethyl- ",Cymen-8-ol<para-> ,Cryptone ,Octanoic acid ,Terpineol<alpha->,Methyl salicylate,Dodecane,Myrtenol,Decanal<N->,"Bicyclo[3.1.1]hept-3-en-2-one, 4,6,6-trimethyl-",Benzenecarboxylic acid ,"Ethanol, 2-phenoxy-",Methenamine ,Hexenyl valerate<3Z->,"Benzene, 2-methoxy-4-methyl-1-(1-methylethyl)-","Carvacrol, methyl ether  ",cis-3-Hexenyl isovalerate,123,"Benzaldehyde, 4-(1-methylethyl)- ",Carvone,"1-Propanol, 3-phenoxy-",Linalool acetate ,Geraniol,Caprolactam,Geranial,"Phenol, 4-ethyl-2-methoxy- ",Nonanoic acid ,Tridecane,Indole,Geranyl formate ,"Phenol, p-tert-butyl- ","Phenol, m-tert-butyl-","Formamide, N,N-dibutyl- ",Undecanal,1-Methylnaphthalene,"Benzaldehyde, 4-ethoxy- ",Geranic acid ,Nonalactone<gamma->,139,Hexenyl hexenoate<3Z->,Decanoic acid ,Tetradecane,Jasmone<Z-> ,Vanillin,"1,4-Dimethylnaphthalene ",Dodecanal,Longifolene ,"Pentanoic acid, 2-ethylhexyl ester ",Caryophyllene<E->,Geranyl acetone,Undecanoic acid ,Dodecanol<N->,Amorphene<alpha-> ,Ionone<(E)-beta-> ,Pentadecane,Muurolene<alpha-> ,Butylated Hydroxytoluene,140,"Farnesene<(E,E)-alpha->","Phenol, 2,4-bis(1,1-dimethylethyl)-",Cadinene<delta->,Calamenene<cis-> ,"Benzoic acid, 4-ethoxy-, ethyl ester",Calacorene<alpha-> ,Nerolidol<E->,Dodecanoic acid ,Hexadecane,49,53,Cedrol ,"Benzenamine, N-phenyl- ",Benzophenone,"Phenol, 2,6-bis(1,1-dimethylethyl)-4-(1-methylpropyl)- ",Murrolol<epi-alpha-> (=tau-muurolol) ,Methyl jasmonate<Z->,Methyl dihydrojasmonate<cis->,Cadinol<alpha->,Tridecanoic acid ,Tetradecanol<N->,Cadalene ,"1,1'-Biphenyl, 2,2',5,5'-tetramethyl-",Dodecyl acrylate,Heptadecane,"Benzoic acid, 2-ethylhexyl ester",Tetradecanoic acid,Benzyl benzoate ,Octadecane,Salicylate<2-ethylhexyl->,Isopropyl tetradecanoate,70 (503),Pentadecanoic acid,145,Hexadecanol<N->,Homomenthyl salicylate,Nonadecane,"1-Hexadecanamine, N,N-dimethyl- ",Methyl hexadecanoate,n-Hexadecanoic acid,Isopropyl hexadecanoate,Octadecanol<N->,Heneicosane,Docosane,Octadecanol acetate,Tricosane,Pentacosane,Squalene
Tenax.Cont.1,0.08272,0.13304,0.1407,0.13288,,0.02575,,0.00967,0.0087,0.10192,0.48715,,,,0.06759,,0.43314,,,0.03292,0.02756,,,,,0.36723,0.10857,,0.01236,2.37702,,,0.01992,,,0.01229,,,0.07404,0.02834,,,0.19366,,0.00517,0.01107,,,,0.01261,0.01318,0.03415,0.12051,0.15626,0.00779,0.6394,0.02575,,0.08288,0.00769,1.54407,1.54407,0.01617,,0.02881,0.13789,,,,0.0742,,0.0791,0.49958,0.51608,0.016,0.74905,0.44168,0.59633,0.15745,0.16075,0.02008,0.04114,,0.0157,0.06556,,0.04723,0.5466,0.01053,0.15712,0.0061,0.15,,0.39055,0.01657,,,0.72581,0.02855,0.29272,,,0.06576,0.02548,0.07921,0.04114,0.14798,1.13797,,1.06953,,0.28346,0.07128,1.52798,,0.42266,0.18935,0.13158,0.01507,0.05869,,,0.1123,0.92763,1.60016,2.75783,2.37361,0.11008,0.10831,,0.26878,0.02721,,,,,0.0955,,0.12928,0.0154,,0.01642,,0.06861,,,,,,,0.10075,0.39919,,,0.14546,,,0.04793,1.34811,0.11751,0.08256,0.02482,,0.00561,0.06444,0.19229,0.05598,0.02446,,0.04729,0.33988,0.04685,0.12074,0.03322,0.39437,,0.03749,,0.18757,0.21337,,0.08627,17.68596,0.0427,,,0.15599,,0.1003,0.34717,,,0.59163,0.05328,,,,0.058,0.16437,0.16437,0.06098,0.12295,0.05267,0.08512,,,0.0542,0.61518,,0.05405,,0.27352,0.01887,,0.02818,0.02943,0.13194,0.0658,0.0561,0.14639,,0.05764,,0.07838,0.56305,0.2638,0.00857,,0.0122,,0.10404,0.17694,0.01414,0.05487,0.04664,,,0.02645,,,0.161,,,0.95602,,0.19501,1.48024,0.00932,,,0.24781,,0.62768,0.02074,0.05187,,0.30307,,,0.05762,0.02844,,0.09786,0.01635,0.05009,,,0.42558,0.48958,0.21205,0.14945,,0.03866,2.24564,0.022,0.70827,,,,,0.07546,10.53511,0.1034,0.27276,0.09596,0.109,,0.12055,0.1728,0.02629
Tenax.Cont.2,0.06777,0.18536,0.06432,0.1089,0.00187,,,0.00986,0.01293,0.09679,0.28333,,,,0.05023,,0.34842,0.03447,,0.02116,0.01609,,,,,0.23066,0.03516,,0.00481,2.65426,,,0.01654,,,0.01768,,,0.07829,0.03019,,,0.11448,,0.00567,0.00746,,,,0.00761,0.0072,0.03553,0.09806,0.10901,0.00588,0.82825,0.02326,,0.08808,0.00938,2.11711,2.11921,0.01027,,0.02264,0.06285,,,,0.08519,,0.06237,0.80711,0.72461,0.35825,0.36045,0.19764,0.34335,0.12757,0.12629,0.01424,0.02865,,0.01199,0.07672,,0.03165,1.24697,0.00608,0.09399,0.01003,0.54353,,0.38972,0.01044,,,1.33161,0.01751,0.35424,,,0.0419,0.02255,0.06522,0.02782,0.44766,1.36065,,0.61765,,0.22248,0.17482,0.14037,,1.19918,0.4417,0.05402,0.04618,,,,0.07068,1.64531,3.47974,7.24216,4.88031,0.15445,0.15389,,0.21494,0.0264,,,,,0.225,,0.07641,0.01085,,0.02615,,0.05062,,,,,,,0.06582,0.51002,,,0.20129,,,0.04522,1.08049,0.17398,0.07375,,,0.01059,0.11137,0.15737,0.12552,0.12306,,0.05757,0.47089,0.06915,0.17619,0.02815,0.7649,,0.01799,,0.14965,0.28791,,0.15907,12.33805,,,,0.40025,,0.19557,0.38713,,,0.45211,0.10427,,,,,0.37329,0.37582,,0.1032,0.09794,0.07629,,,,0.2713,,0.21608,,0.35785,0.01487,,0.00819,0.01005,0.09606,0.06542,0.06716,0.04927,,,,0.01694,0.31415,0.19763,0.00701,,0.02336,,0.29032,0.08008,0.00822,0.03154,0.02766,,,0.01004,,,0.08551,,,0.28058,,0.11501,0.33645,0.00628,,,0.13733,,0.33204,0.01237,0.00853,,0.17275,,,0.03977,0.01731,,0.07379,0.01296,0.04539,,,0.0648,0.45799,0.13427,0.06947,,0.022,2.20217,0.0791,0.38323,,,,,0.04711,8.77065,0.09396,0.20232,0.0762,0.05694,,0.05481,0.07431,0.01259
Tenax.Cont.3,0.04215,0.09986,0.05053,0.0725,,0.02807,,0.00478,0.01196,,0.21907,,,,0.03697,,0.03141,,,,0.0048,,,,,0.18501,0.01617,,0.00337,0.43414,,,0.0076,,,0.00658,,,0.04556,,,,0.08136,,0.00573,0.00385,,,,0.00604,0.00212,0.02926,0.03378,0.0249,0.00184,0.11872,0.00389,,0.03258,0.00815,0.22022,0.22022,,,0.00808,0.01072,,,,0.02352,,0.02379,0.15338,0.08276,0.23505,0.2304,0.14043,0.14305,0.07661,0.08371,0.0136,0.01925,,,0.01356,0.00895,0.09752,0.06467,0.00356,0.0596,,0.03532,,0.0957,0.02089,,,0.04415,0.01021,0.04604,,,0.0175,0.01495,0.02185,0.01279,,0.15957,,0.16777,,0.14398,0.00461,0.0086,,0.02336,0.00751,0.02106,,,,,0.01741,0.10135,0.14059,0.13847,0.78318,0.01697,0.01611,,0.10404,0.00899,,,,,0.02454,,0.03428,0.00499,,0.00232,,0.01449,,,,,,,0.02338,0.01463,,,0.01232,,,,0.72034,0.01675,0.02265,0.05741,,,0.01262,0.05221,0.00223,0.00796,0.02141,0.00447,0.01985,0.06642,,0.01517,0.03902,,0.01473,,0.03481,0.02642,,,7.62612,,,,0.01467,,0.00931,0.27285,,,0.38502,0.00959,,,,,,0.00625,,0.07072,,0.01157,,,,0.23597,,,,0.20309,0.00782,,0.00674,0.00674,0.07124,0.04248,0.01779,0.01755,,0.04044,,0.01235,0.30252,0.14886,0.00292,,0.00879,,0.01644,0.13609,0.00605,0.019,0.02452,,,0.00695,,,0.15065,,,0.10392,,0.09414,0.14871,0.00397,,,0.12193,,0.25087,0.00903,0.64225,,0.06548,,,,0.01964,,0.07785,0.01085,0.02091,,,0.05879,0.47232,0.11115,0.09352,,0.01572,1.25125,0.15059,0.23013,,,,,0.05994,8.26641,0.08821,0.15301,0.13687,0.14618,,0.11375,0.13624,0.02477
Tenax.MeJA.1,0.1059,0.14876,0.46809,0.28109,0.0756,0.15723,0.20702,0.0164,0.01558,0.22271,0.2144,,,,0.04513,,0.41251,0.03384,,0.01665,7.69683,15.54295,0.115,,,0.25048,0.08276,,0.03025,1.55559,,0.08157,,,,0.05153,,,,0.02977,,0.00549,,,0.01112,0.0128,,,,0.00665,0.00902,0.0525,0.07041,1.11364,,0.3992,0.00832,3.26169,0.49253,0.01086,1.07143,1.0709,,1.13061,0.42673,0.22924,0.31229,0.0138,,0.11715,2.25289,0.01379,0.57192,0.3292,0.47854,0.48032,0.26854,0.25688,0.16292,0.8985,0.01974,0.03305,,,0.04032,0.01104,0.11542,0.2955,0.06781,0.0855,0.02107,0.1422,,0.29555,0.01227,,,0.39228,0.02204,0.18238,,0.03171,0.04219,0.00512,1.11098,0.01345,0.56084,0.7346,,0.65823,,0.3125,0.08577,12.87264,,0.23367,,0.30002,0.02501,0.40281,,,0.01921,0.66492,1.47642,2.55898,5.47853,0.08021,0.07318,0.051,0.36933,0.0986,,,0.68743,,0.20589,,0.09614,0.03159,,0.03143,,0.08487,,,,,0.12618,0.04507,0.08828,0.27393,0.23503,,0.16047,,,2.63091,1.40525,,0.03843,0.01323,,0.10475,0,0.14554,0.03928,9.19207,,0.03521,0.1998,0.00604,0.10024,0.00718,0.26799,0.0286,0.02065,,0.11929,0.14831,0.09457,0.11962,12.62905,0.95317,,0.01228,0.01605,,0.12639,0.23259,,0.08366,1.11241,0.04335,,,,1.62655,0.11174,0.11358,0.3638,0.04701,0.02564,0.06605,,0.01276,0.12096,0.26219,0.24904,0.03217,,0.59445,0.51373,0.07333,0.0358,0.0358,0.13076,0.11813,0.04727,0.0739,,,,1.40041,0.48895,0.27799,0.01963,,0.02426,0.09761,0.07245,0.28212,0.01571,0.80807,0.03458,,0.02837,,,0.04804,0.06483,3.64952,3.63521,0.53237,0.03126,0.21308,0.54876,0.03588,0.13571,,0.16122,,0.45137,0.01967,0.00866,,0.19676,0.03632,0.24543,0.0688,0.04254,,0.11972,0.02118,0.04541,,,0.09297,0.54112,0.06826,0.0991,,0.04749,2.08665,0.08457,0.47159,,,,,0.05386,7.31331,0.11685,0.25167,0.08643,0.05792,,0.05387,0.08222,0.00686
Tenax.MeJA.2,0.07531,0.14666,0.76689,0.30366,0.12898,0.11559,0.11766,0.01592,0.01708,0.21722,0.26237,,,,0.05124,,0.43773,0.0259,,0.01111,4.50618,9.03261,0.069,,,0.15393,0.12435,,0.02271,2.15717,,0.12607,,,,0.05766,,,,0.04383,,0.01051,,,0.0137,0.00692,,,,0.00621,0.00798,0.09991,0.0758,0.61635,0.0109,0.73377,,1.89095,0.85121,0.02597,1.94039,1.94089,,0.79454,0.54896,0.16266,0.27028,0.01974,,0.1624,1.56361,0.04246,1.18266,0.58006,0.28885,0.2945,0.15695,0.49204,0.24253,0.75132,0.01796,0.03781,,,0.05903,0.00984,,0.68333,0.06449,0.08318,0.03179,0.09759,,0.48923,0.01283,,,0.71383,0.02349,0.30395,,0.37592,0.03165,,0.66819,0.29552,1.10305,1.29511,,0.65296,,0.51949,0.15592,7.0841,,0.63527,,0.29904,0.04409,0.47487,,,0.06327,1.60709,4.18705,7.56335,4.82115,0.17121,0.16034,0.02461,0.50493,0.20204,,,0.35508,,0.14706,,0.1011,0.02649,,0.04952,,0.13569,,,,,0.13691,0.05428,0.10562,0.32882,0.17315,0.09402,0.3909,,,1.46733,2.09488,,0.07306,,,0.05995,0.07045,0.08927,0.10311,16.80366,,0.05853,0.3232,,0.18075,0.04404,0.58492,0.02213,0.01538,,0.14436,0.24947,0.07771,0.32035,12.19285,0.74238,,0.08682,0.1576,,0.42741,0.51139,,0.268,2.30715,0.11795,,,,1.09826,0.45492,0.45915,0.34196,0.07875,0.04372,0.56398,,0.03307,0.07695,0.21899,0.4389,0.37807,,0.45881,0.5823,0.08082,,,0.05725,0.24637,0.08982,,,,,0.99602,0.56097,0.29305,0.02115,,0.0237,0.15969,0.31791,0.07319,0.01555,0.14867,0.04195,,0.02805,,,0.03868,0.04182,1.49129,1.47756,0.01166,0.02798,0.051,0.02124,0.01656,0.10008,,0.16237,0.09833,0.56065,0.01941,0.00453,,0.01578,0.03403,0.1717,0.05357,0.03295,,0.07688,0.00554,0.01904,,,0.06852,0.47617,0.05265,0.08277,,0.03092,0.11589,0.11276,0.33539,,,,,0.0543,6.4484,0.03495,0.20011,0.06636,0.05078,,0.04685,0.07018,0.00968
Tenax.MeJA.3,0.08036,0.12262,0.05275,0.07991,0.0014,0.01322,,0.00897,0.01238,0.03085,0.26815,,,,0.03891,,0.54197,,,,0.0303,0.04392,,,,0.10713,0.00486,,0.00568,0.60193,,,,,,0.00701,,,,,,0.01494,,,0.0126,0.00369,,,,0.00829,0.00269,0.02222,0.04491,0.03273,0.00599,0.15365,0.00459,,0.05343,0.0058,0.29385,0.29372,,,0.03058,0.0287,,,,0.02471,,0.02836,0.06661,0.11232,0.30479,0.31271,0.18625,0.13486,0.09024,0.09568,0.01479,0.02279,,,0.01765,0.00479,0.05909,0.09341,0.00504,0.08373,0.00614,0.03424,,0.11726,0.01539,,,0.06739,0.01122,0.05969,,0.02963,0.01589,0.01469,0.02074,0.51124,0.00626,0.20404,,0.21113,,0.15647,0.00595,0.01508,,0.03363,0.01252,,,,,,0.0434,0.13103,0.15127,0.15454,0.47238,0.02122,0.02056,,0.10112,0.00789,,,0.00301,,0.02328,,0.02727,0.00534,,0.00285,,0.04559,,,,,,,0.02747,0.02425,,0.12981,0.01462,,,0.01436,0.71964,,0.02623,,,0.00169,0.01384,0.04255,0.0041,0.03525,0.02031,0.00327,0.02916,,0.0182,0.05479,0.04273,,0.00728,,0.04334,0.03175,0.00474,,9.00773,0.01867,,,0.01651,,0.00985,0.04914,,0.01043,0.38978,0.01205,,,,0.00694,0.00719,0.0115,0.00417,0.07541,,0.01109,,0.00259,,0.15664,,,,0.06543,0.00676,,,,0.10403,0.04231,0.01629,,,,,0.01696,0.25369,0.07274,0.00426,,0.00809,0.0295,0.0204,0.03125,0.00531,0.01772,0.02064,,,,,,0.09536,,,0.08929,,0.05041,0.1719,0.00324,,,0.07283,0.14274,0.24679,0.0082,0.05421,,0.06436,,0.022,0.0282,,,0.06146,0.00423,0.02029,,,0.04445,0.39116,0.18475,0.05808,,0.01592,1.23722,0.13731,0.13709,,,,,0.04784,8.0016,0.04415,0.11227,0.06222,0.07757,,0.07072,0.08511,0.02224
Twister.Cont.1,0.30033,0.58973,0.18774,0.4978,0.18356,,,0.42298,,0.20904,0.73695,1.95843,3.14538,,0.2905,0.06176,4.98733,,0.09614,0.24963,0.06722,,,0.03469,0.05969,0.73656,,,0.12176,0.68478,0.04261,,,,,0.06425,0.0441,0.49141,0.08882,,0.32416,,0.93025,0.02835,0.12294,0.01817,0.09288,,0.93645,,,,,,0.02998,0.0851,,,,0.40445,0.1657,0.1657,,,0.03735,0.21499,,,,0.04712,,0.17775,0.49094,,0.32405,0.30941,0.19761,0.21495,0.23134,0.43422,0.12695,0.21946,0.71246,0.12564,0.02917,,0.84103,0.58409,0.01768,0.1079,0.02682,,0.55635,0.12773,0.1172,0.0591,0.04468,0.73278,0.04656,0.04099,0.05133,0.0888,0.25495,0.02025,0.21533,0.07823,0.136,0.20798,0.2993,,0.45881,0.42443,0.01982,0.30638,0.69285,0.28053,0.0674,,0.27853,,0.59589,0.07179,,0.21373,0.861,1.69458,0.80485,0.03253,0.02408,,0.21172,0.01675,0.09749,0.04928,,0.05742,,0.18628,,,0.04799,0.02196,0.04931,,0.07925,0.51894,0.07999,,,,0.12445,0.21176,,0.05981,0.05518,0.24862,0.46568,0.03717,1.81665,0.10803,0.01758,0.22554,0.06252,,,,0.03407,,0.1076,0.01644,0.16012,0.03905,0.06271,0.05245,0.18622,,,0.0883,0.07351,0.14769,,0.11081,6.28142,0.03911,,,,0.53927,0.13268,0.11341,0.17941,0.08419,1.0133,0.01625,0.09632,0.09455,0.44026,,,0.0733,,0.03162,,0.0368,0.15735,,,1.80811,,0.04928,0.67318,0.17373,,,,,1.13254,0.15228,0.02935,,,0.08641,,0.03514,0.53742,0.23751,0.03834,0.07137,,0.11283,0.05348,,0.01633,0.20694,,0.74374,,,0.49406,,0.09383,,0.04818,0.05036,,,,,,1.23849,,,1.7729,,,,,,,0.04388,,0.08612,0.36866,,0.44489,3.25985,0.27003,,1.61231,,0.29655,0.04462,0.03698,,0.66401,,0.72512,0.0227,0.21145,1.22332,0.2794,43.23591,0.07838,1.75842,0.51755,0.40566,0.07246,0.45579,0.51709,0.66831
Twister.Cont.2,0.31124,0.44092,0.18372,0.42027,0.17648,,,0.16817,,0.17783,0.37474,3.0751,,,0.13926,0.04859,7.46176,,0.1298,0.22384,0.07642,,,0.01234,0.08952,0.49367,,,0.0777,0.52817,0.0289,,,,,0.05863,0.02785,0.30495,0.07306,,0.20546,,0.32266,0.02268,0.07077,,0.07872,,0.82734,,,,,,0.04986,0.09208,,,,0.50339,0.22187,0.22081,,,0.02388,0.11869,,,,0.02541,,0.06061,0.57442,,0.20617,0.20673,0.12632,0.17776,0.16553,0.23104,0.12551,0.21411,0.70166,0.13436,0.03632,,0.78704,3.61872,0.01561,0.05473,0.09624,,0.49437,0.2109,0.07696,0.10338,0.12895,3.42383,0.02996,0.10004,0.04089,0.08104,0.28552,0.02226,0.12082,0.05404,0.58941,0.39394,0.25512,,0.39474,0.317,0.04084,,0.38439,1.1876,0.07385,,1.18597,,0.06246,0.12276,,0.5452,2.66079,6.05759,0.48216,0.05808,0.04879,,0.23445,0.01292,0.02126,0.03323,,0.12761,,0.15936,,,0.10053,0.05968,0.05006,,0.09359,0.53727,0.09181,0.15287,,,0.19547,0.49773,0.07176,0.13187,0.11143,0.18481,0.41988,0.05381,1.15862,0.17898,0.03444,0.16487,0.11704,,0.02363,,0.12847,,0.0785,0.04439,0.43196,0.07679,0.14202,0.05089,0.7037,,,0.06952,0.1024,0.26005,,0.31167,4.96311,0.05067,,,0.06727,0.34711,0.40495,0.16994,0.21807,0.12434,0.64067,0.07368,0.11151,0.09354,0.39804,,0.26957,0.28513,,0.04431,,0.03995,0.1419,0.03223,,1.10283,,0.20653,0.62445,0.15882,,,,,0.477,0.11021,0.05585,,,0.06524,,0.03412,0.4734,0.15605,0.10259,0.07916,,0.07915,0.21968,,0.01251,0.11994,,0.55062,0.01741,,0.29034,,0.05924,,0.05558,0.03134,,,,,,0.70588,,,1.40737,,,,,,,0.02528,,0.0442,0.3065,,0.04927,1.11077,0.08304,,1.33164,,0.11268,0.03945,0.02719,,0.6776,,0.48984,0.01556,0.08062,1.45951,0.11256,19.30326,0.03866,2.2377,0.36812,0.27308,0.0572,0.21634,0.29217,0.20675
Twister.Cont.3,0.468,0.96786,0.24181,0.51922,0.18585,,,0.18061,0.12998,0.10262,0.46257,1.76254,0.213,,0.19926,0.06687,5.05068,,0.05485,0.27201,0.04274,,,,0.04485,0.79487,0.17497,,0.09122,0.86051,0.03761,,,,,0.08718,0.03418,0.29662,0.11822,,0.24486,,0.58401,0.02433,0.05787,,0.11803,,0.77675,,,,,,0.11941,0.05507,,,,0.42758,0.14879,0.14661,,,0.03263,,,,,0.02748,,0.04807,0.34683,,0.28393,0.27802,0.16109,0.14854,0.18493,0.26343,0.11039,0.18053,0.54383,0.10631,0.02429,,0.66606,4.25875,0,0.05809,0.10949,0.26756,0.52238,0.13471,0.05938,0.03441,0.0482,4.09253,0.03851,0.03496,,0.13304,0.2822,0.02836,0.12281,0.05568,0.60359,0.17494,0.24802,,0.38603,0.33534,0.04591,,0.3073,1.35477,,,,,0.28174,0.0671,,0.59375,4.38104,7.86922,0.55904,0.03022,,,0.27532,,,0.03581,,0.0532,,0.12524,,,,0.14062,0.04399,,0.04958,0.50891,0.07354,,,,0.18126,0.53281,0.22414,0.11135,0.12158,0.09644,0.49337,0.05422,1.56389,0.20433,0,0.12905,0.06596,,,,0.16463,,,0.03815,0.51758,0.09201,0.16827,0.05076,0.94766,,,0.06252,0.10504,0.29362,,0.3203,6.71205,0.04454,,,0.09674,0.23236,0.4375,0.11975,0.25305,0.13236,0.63972,0.10098,,0.09143,0.36402,,0.33868,0.37127,,0.04862,,0.04303,0.11545,0.02323,,1.63024,,0.18813,0.36699,0.23634,,,,,0.37825,0.13252,0.03126,,,0.04224,,0.02255,0.19491,0.20297,0.15379,0.0453,,0.1253,0.35043,,,0.07533,,0.49228,0.05656,,0.39251,,0.03803,,0.03066,0.0356,,,,,,0.89022,,,2.67821,,3.72874,,,,,,,,0.23236,,,2.04324,0.06579,,0.61229,,0.10243,0.04348,0.02895,,0.24896,,0.25247,0.02285,0.08127,,0.11667,9.3322,0.10442,2.67541,0.43116,0.16801,0.03495,0.18513,0.27357,
Twister.MeJA.1,0.73542,0.44833,0.26017,1.61765,0.3991,0.26336,0.08125,0.25962,,0.19629,0.62048,5.60332,,0.03314,0.26451,0.06765,14.49989,,0.10067,0.3821,2.0023,6.5403,0.13345,0.01773,0.14435,0.63183,,0.04154,0.13708,0.70116,0.0562,0.2205,,0.11746,0.05876,0.04664,0.0379,0.31026,0.10769,,0.24285,,0.63881,0.02471,0.17688,0.08539,0.08261,0.04409,1.21681,,,0.0191,,0.15942,,0.08594,,4.16118,0.54626,0.69262,0.18463,0.18284,0.07334,2.33015,1.08277,0.36074,0.39325,0.08647,0.05292,0.0389,2.73754,0.08804,0.4027,,0.2796,0.28772,0.15639,0.29389,0.22265,0.74236,0.17891,0.27631,1.13507,0.29038,0.02464,,1.11915,0.53023,0.02812,0.06926,0.0355,,0.54629,0.11873,0.1412,0.05159,0.14904,0.67842,0.03547,0.04803,0.05446,0.10515,0.30563,0.02524,0.14765,0.07134,0.14258,0.18907,0.50947,,0.50009,0.42301,0.01774,8.64464,0.69285,0.23944,0.33693,0.05716,0.23819,0.1826,0.11825,0.06637,,0.18605,0.75688,1.43069,0.69898,0.02832,0.02103,,0.31809,0.0173,0.14127,0.07565,0.16324,0.04741,,0.22002,,,0.04175,0.01914,0.04039,,0.05776,0.58028,0.0809,0.08703,0.12891,,0.10563,0.26019,0.60523,0.22271,0.04438,0.26817,0.41503,1.49769,1.57582,0.09718,0.17556,0.16998,0.0479,0.01609,,,0.04646,5.10526,0.12728,,0.13391,0.03179,0.11105,0.04051,0.17024,0.0639,,0.0892,0.06572,0.11634,0.15216,0.0852,5.5943,0.25359,0.23645,,,0.48934,0.10913,0.16645,0.15892,0.06235,0.85026,0,0.15398,0.07448,0.99217,0.64695,0,0.05344,0.17481,0.03531,,0.03561,0.11477,,0.05468,2.15074,,0.04721,0.68733,0.11545,0.16936,,,,0.81055,0.11745,0.02904,,,0.05612,,0.21245,0.57558,0.16794,0.03657,0.13161,,0.09433,0.04219,,0.01603,0.1454,,1.02212,0.02303,,0.47976,,0.09073,3.66226,3.65838,0.04818,0.03806,,,,0.16757,0.77095,,0.16265,1.48295,,,0.13241,,,0.03718,0.03489,,0.04772,0.59781,,0.52513,2.78767,0.3205,0.6823,2.449,,0.29124,0.04665,0.03568,,1.15457,0.16734,0.72425,0.02697,0.22417,,0.31838,50.64719,0.07477,2.46973,0.61035,0.75773,0.16027,0.5582,0.86323,0.78824
Twister.MeJA.2,0.37742,0.45897,0.22074,1.03351,0.15609,0.26763,0.04772,0.12632,,0.20469,0.4615,2.53961,0.28951,0.03099,0.15399,0.0508,5.79274,,0.42135,0.1948,1.79513,4.41267,0.08431,0.01456,0.04659,0.36885,,0.03637,0.08438,0.65722,0.039,0.10044,,0.05133,0.04566,0.03316,0.03158,0.26994,0.07112,,0.18876,0.0689,0.38571,0.0207,0.05655,,0.08007,0.01481,0.54618,,,0.03199,,0.42831,,0.10773,,0.58758,0.27264,0.42037,0.27748,0.27796,0.05688,1.49083,0.62811,0.34232,0.25491,0.04664,0.06724,0.05874,2.11512,0.07008,0.50062,,0.17837,0.15709,0.09289,0.14757,0.17558,0.4355,0.10532,0.18258,0.44877,0.09211,0.02788,,0.53079,3.42321,0.01362,0.06648,0.0826,,0.49025,0.15229,0.04807,0.08673,0.05335,3.0454,0.02682,0.07501,0.10704,0.07512,0.20185,0.01537,0.14658,0.06404,0.48913,0.32073,0.27475,,0.29908,0.25614,0.03536,17.81403,0.68669,0.96607,0.03837,0.07782,0.972,0.33018,0.19092,0.09656,,0.40205,1.97032,4.55692,0.8507,0.04527,0.04222,,0.2544,0.03345,0.0183,0.06874,0.1634,0.09145,,0.16,,,0.08099,0.04374,0.03484,,0.05458,0.82893,0.06733,,0.19292,0.04504,0.14192,0.46079,0.8158,0.36141,0.08523,0.30753,0.29443,3.99687,1.35083,0.10616,0.19516,0.09803,0.0832,0.04145,0.01581,,0.10972,8.80834,0.15739,,0.27721,0.05517,0.09517,0.03554,0.43954,0.06237,,0.06281,0.06846,0.16532,0.18827,0.19608,3.65559,0.56199,0.50219,,,0.51304,0.25084,0.21095,0.15015,0.06248,0.71939,0.04429,0.12744,0.06746,0.07124,0.88023,0.16249,0.17728,0.29592,0.02606,,0.03039,0.06747,0.01524,0.04479,1.36457,0.05818,0.11174,0.03538,0.13539,0.17436,,,,0.57467,0.09134,0.0382,,,0.02883,,0.27797,0.52746,0.13062,0.03139,0.047,,0.08832,0.13774,0.03851,0.01426,0.10627,,0.45722,,,0.29264,0.01339,0.03913,5.05299,5.05768,0.27177,0.04044,,,,0.3844,0.54647,,0.22646,1.00675,,,0.06003,,,0.02786,0.0137,,0.03981,0.21019,,0.09417,1.35921,0.13189,0.41729,0.96196,,0.15529,0.02569,0.02085,0.18106,0.33195,0.1206,0.41801,0.0138,0.12997,,0.17476,13.99755,0.07071,0.67843,0.33422,0.21155,0.03753,0.22066,0.30387,0.13763
Twister.MeJA.3,0.48134,0.87367,0.32679,2.21103,0.20058,0.43642,0.10075,0.25587,,0.55742,0.43322,2.53449,0.39801,0.0324,0.45258,0.05986,8.21043,,0.25495,0.52322,4.93252,9.95075,0.25432,,0.0529,0.38052,,0.05444,0.16095,0.75321,0.05237,0.39475,,0.12612,,0.05246,0.0475,0.36286,0.08183,,0.23336,0.1642,0.37256,0.02033,0.10051,,0.11807,0.04346,0.85101,,,0.02181,,0.28082,,0.05243,,4.90995,0.24297,0.20511,0.14513,0.14513,0.06839,3.95017,1.50001,0.55944,0.54097,0.05577,0.05475,0.04857,3.19879,0.08338,0.38076,,0.21832,0.22886,0.12171,,0.25278,0.92121,0.13417,0.18841,0.58632,0.1329,,,0.72916,3.24861,,0.06804,0.07504,,0.59772,0.1047,0.14054,0.0376,0.0977,3.11959,0.034,,0.79208,0.13555,0.30784,0.02679,0.42453,0.18318,0.48625,0.12387,0.32126,,0.34229,0.45173,0.03441,10.56341,0.42385,0.97707,0.03448,0.07236,0.97707,0.37864,0.15855,0.05145,,0.41813,3.12801,5.52682,0.54531,0.02519,,,0.42064,0.05823,,0.12135,1.15738,0.04154,,0.19127,,,,0.10596,0.03194,,0.03802,0.68856,0.06095,,0.15779,0.20953,0.16612,0.43268,0.51793,0.22774,0.08773,0.24547,0.33003,2.01669,1.82049,0.12771,,0.08698,0.04951,0.05311,0.03493,,0.2499,35.18447,,,0.36641,0.05892,0.12002,0.04779,0.6483,0.0519,,0.08134,0.08257,0.28149,0.19745,0.24588,4.96581,0.64964,0.57547,,,0.46858,0.28905,0.247,0.2098,0.09344,0.90878,0.06863,0.09838,0.07803,0.51541,1.76941,0.2226,0.2568,0.25231,0.03847,,0.04887,0.0761,0.02865,,1.66708,0.24028,0.18241,0.79025,0.18897,3.31404,,,,0.54178,0.11707,0.02922,,,0.0738,,1.48655,0.46413,0.18221,0.02313,0.04322,,0.11694,0.23428,,0.02062,0.15765,,0.67722,,,0.36939,0.0437,0.03114,20.7711,20.78608,0.0523,0.02564,,,,2.12119,0.57332,,0.15097,1.18671,,,0.04635,,,0.41824,0.03978,,,0.38712,,0.24787,1.58791,0.12891,0.23511,0.78862,,0.18157,0.07633,0.02888,,0.3334,0.33268,0.45776,0.021,0.12243,,0.17242,12.81985,0.08049,0.63973,0.4491,0.24084,0.05359,0.26384,0.31478,0.09105
PDMS.Cont.1,0.23209,0.17741,0.10062,0.28491,,2.88955,,0.58415,0.50214,,6.05971,,,,0.16539,,,,,,,,,0.03107,,0.06809,,,,7.54038,,,,,,,0.07106,,,,0.12742,,,,,,0.079,,,,,,0.01633,,0.03835,2.70019,0.21206,,,,1.09476,1.06601,,,0.84571,,,0.10341,,0.09521,,0.02141,1.79575,1.42489,,,,0.54159,0.4153,0.6753,,0.0565,,,0.57051,,,7.93035,,,0.38103,0.92955,5.48395,,,,,2.33763,0.14975,0.20005,,,3.30656,,0.1728,,0.17473,1.03392,,,2.65579,0.65926,1.22141,0.09836,,2.7434,,,2.10808,,,,0.31331,30.32865,7.11621,7.6847,1.27535,0.1346,,,,,,0.09001,,0.2858,,,11.56305,,,1.23884,4.31966,0.28477,4.36605,,0.50764,,,,1.04199,1.46358,,0.75333,2.36152,,3.91431,,3.72472,,,,0.19052,0.05033,,,,,,0.13006,0.89924,,0.54142,0.46544,0.13477,,,0.47516,,0.41533,,,0.16113,,,,,,,,8.83521,,0.85816,,,,3.10635,,0.38008,0.38581,,,,,,,,,,,,4.23106,,,,,,,,,0.33667,,,0.06282,,6.44643,,,,,0.03496,,,,,,,,1.9881,,,,,,,,,,,,0.02827,,,,,,,,,,,,0.04682,,,0.05158,0.03226,,0.14357,,,,,,,,,,,,,,,,,,,,,
PDMS.Cont.2,,,,0.46328,,1.72329,,1.07074,0.32531,,9.66261,,,,0.13362,,,,,,,,,0.01602,,0.07293,,,,8.21865,,,,,,,0.06637,,,,0.24285,,,0.15038,,,0.03325,,,,,,0.00893,,,1.62102,0.1959,,,,0.59383,0.60126,,,0.05469,,,,,0.06172,,0.14372,1.09918,0.90871,0.22508,,0.06879,,0.15158,0.42406,,0.0331,,,0.14329,,,0.18992,0.03778,,0.16608,0.38014,3.32958,,,,0.0177,0.02481,0.06459,0.11793,,,0.24497,,0.09399,,,0.40192,0.07836,,1.25141,0.32987,0.02917,0.01249,,0.06645,0.02312,,0.04271,,,,0.17811,0.85683,0.16255,0.14682,0.38341,0.06854,,,,,,,,0.08475,,,5.82147,,,0.03655,1.9247,0.06358,2.06634,,0.17792,,,,0.02367,0.13814,,0.03019,0.14403,0.0839,1.75506,,1.35722,,,0.08724,0.08534,0.00737,,,,,,0.02233,0.05712,,,0.15649,,,,0.33782,,0.16108,,,2.72233,,,,,0.365,,,3.92583,,0.38797,,0.26936,0.0622,1.79728,,,,,,,,,,,,,,0.63027,1.47343,0.01066,,0.08481,0.08693,0.1379,,0.09857,,0.11003,,,0.01982,0.61349,2.82183,,,0.04043,,0.00686,,0.00814,,,,,,0.64704,,0.18001,,,,,,0.05036,0.06965,,0.29337,0.42976,,0.75799,,,0.13186,,,,0.05942,,0.07012,0.19689,,0.03037,2.07182,0.25688,0.0691,0.78107,,0.17074,,0.01418,,,,0.17028,,0.16504,,0.14937,2.32246,0.02082,0.31189,0.10592,0.09645,0.02542,0.09799,0.17664,
PDMS.Cont.3,,1.21822,0.12618,0.83624,,2.78425,,1.70956,0.43955,,8.8406,,,,0.17438,,,,,,,,,0.02875,,0.07815,,,,10.27316,,,,,,,0.05172,,,,0.20263,,,,,,,,,,,,0.04361,,0.02819,2.43146,0.31345,,,,0.89952,0.87917,,,0.02671,,,,,0.06603,,0.01893,1.41529,1.13256,0.29284,,0.12029,0.4155,0.21249,0.50181,,0.03867,,,0.18725,,,0.26951,0.08162,,0.21598,0.4099,0.0541,,,,0.02042,0.04572,0.06668,0.1539,,,0.29539,,0.09863,,,0.53433,0.48862,,1.6418,0.31721,0.02775,0.01394,,0.08894,0.03261,,0.06289,,,,0.13757,1.32317,0.24733,0.21763,0.21401,0.09065,,,,,,,,0.12324,,,7.73656,,,0.04367,2.59699,0.0702,2.68345,,0.18802,,,,0.02696,0.142,,0.04103,0.20292,,2.08922,,1.40915,,,,0.09731,0.01261,,,,,,0.02316,,,,0.21978,,,,0.36601,,,,,0.14831,,,,,,,,5.68018,,2.42284,,,,3.02354,,,,,,,,,,,,,,,2.26504,,,,,,,,,0.11259,,,,,3.54111,,,,,,,,,,,,,,,,,,,,,,,,,,,,,,,,,,,,,0.04102,,,0.04356,,,,,,,,,,,,,,,,,,,,,,,,
PDMS.MeJA.1,,,0.6374,0.67738,0.01484,,,0.26774,0.01379,0.11092,4.90641,,,,0.13609,,,,,,1.72924,1.95599,,0.02692,,0.04973,,,,5.77096,,,,,,,0.03587,0.12526,0.03036,,0.1632,,,,,,0.06591,,,,0.02027,0.05503,0.00916,,0.01897,1.44849,0.12544,,,,1.45814,1.46336,,,0.0333,0.0991,,0.09286,,0.0375,,0.12622,0.84312,0.65848,,,,0.37698,0.17577,0.61259,0.02438,0.02872,,,0.13357,,,4.94416,0.19793,,1.9338,0.287,1.44701,,,,,1.62139,0.05255,0.1059,,,1.28017,,0.56959,0.24136,1.26623,0.48837,,,1.28077,0.41083,1.53516,0.49861,,1.70363,,,2.08591,,,,0.16784,9.8409,5.14679,5.67893,0.2263,,,0.21146,,,,,,0.11624,,,5.84968,,,1.29029,1.99317,0.11994,2.08857,,0.23087,,,0.17898,0.80132,,,0.89957,0.03784,,1.56144,,,,,,,0.02338,,,,0.05874,,0.05887,0.53067,,,0.22413,0.08432,,,0.24807,,0.2538,,,0.10658,0.05044,,,,,,,4.49243,,1.85024,,,,1.39658,,,,,,,,,,,,,,,0.32755,,,,,,,,,,,,0.00633,,0.12178,0.0059,,,,0.00912,,,,,,,,0.11502,,,0.02508,0.02518,,,,,,,,0.01719,,,,,,,,,,,,0.02081,,,0.02695,0.02466,,0.03015,,,,,,,,,,,,,,,,,,,,,
PDMS.MeJA.2,,,,0.24868,,,,1.43177,,0.04314,6.97876,,,,0.0501,,,,,,,,,0.01638,,0.04058,,,,5.09016,,,,,,,0.02655,0.20265,0.04512,,0.0791,,,,,,0.06169,,,,0.01175,0.04715,0.005,,0.01582,1.29879,0.08798,,,,0.32239,0.32477,,,0.01685,0.03105,,,,0.04162,,0.07162,0.777,0.59677,0.08807,,0.05251,0.17514,0.10969,0.22473,0.02535,,,,0.05972,,,0.12249,0.02375,,0.07811,0.11234,0.053,,,0.05773,,0.03165,0.03278,0.04989,,,0.57584,,,,,0.20822,,,0.54051,0.1774,0.01379,,,0.04065,,,0.01901,,,,0.0877,0.3417,0.12158,0.10846,0.13855,,,,,,,,,0.04622,,,2.54665,,,0.02355,1.12152,0.05063,1.23269,,0.15407,,,,,,,0.01986,,,1.11918,,,,,,,,,,,,,,,,,0.11919,,,,0.18717,,,,,0.08826,0.0367,,,,,,,3.53885,,1.52957,,,,0.22197,,,,,,,,,,,,,,,0.19879,,,,,,,,,,,,,,0.03577,,,,,,,,,,,,,0.0384,,,,,,,,,,,,0.01647,,,,,,,,,,,,0.02175,,,0.02322,0.01176,,0.01218,,,,,,,,,,,,,,,,,,,,,
PDMS.MeJA.3,,0.25128,,0.96777,,,,1.27908,,0.18218,9.54308,,,,0.29517,,,,,,,0.08132,,0.11796,,0.03686,,,,7.24397,,,,,0.10617,,0.09013,0.28099,0.03159,,0.34157,,,,,,0.07192,,,,0.01861,0.08802,0.01982,,0.02624,2.07528,0.09994,,,,0.5483,0.55878,,,0.05619,0.05216,,0.03115,,0.15966,,0.29248,1.44173,0.37675,,,,0.52353,0.22373,0.6403,0.04777,0.03782,,,0.11487,,,0.18812,0.20308,,0.22556,0.62101,0.13694,,,0.1112,,0.04943,0.03692,0.09664,,,,,,,,0.2913,,,0.96208,0.33982,0.0367,,,0.0689,,,0.05122,,,,0.14651,1.02915,0.25234,0.23648,0.2581,,,,,,,,,0.05872,,,4.91418,,,0.03689,1.39549,0.07563,1.65142,,0.15991,,,,0.03137,,,0.03168,,,2.56338,,,,,,,,,,,,,,,,,0.20509,,,,,,,,,0.13211,0.08176,,,,,,,15.71096,,13.85329,,,,0.82143,,,,,,,,,,,,,,,0.45223,,,,,,,,,,,,,,0.64312,0.00852,,,,0.01145,,,,,,,,0.40151,,,,,,,,,,,,0.33442,,,,,,,,,0.1619,0.04177,,0.05985,0.02291,0.20807,,0.16855,0.13645,0.04828,,0.10451,,0.00668,,,,0.02291,,0.0726,,0.03332,,0.01459,,0.02712,0.0095,,0.01118,,
Strip.Cont.1,1.51564,0.48456,0.10191,0.32301,0.08561,,,0.1785,0.03521,0.08006,0.65449,1.48705,,,0.13759,,1.17064,,,0.40338,,,,,,0.09001,,,,0.34947,0.02343,,,,,,,0.32665,,,0.13136,,0.05076,,,,,,0.07536,,,,,,,,0.02468,,,,,,,,0.02879,,,,,,,,0.28024,,0.05697,,0.02435,0.06039,0.10139,0.1291,,0.07105,0.25506,,,,0.51212,,,0.03656,,,0.20618,,,,,,,,0.02654,,0.08563,,,,,,0.15046,0.04833,0.0309,0.14516,,,0.08528,,,,,,0.04367,,,,,,0.15628,,,,,,,,,,,0.17508,,,,,,0.02951,,0.13535,,,,,,,,,,0.08288,0.06999,,0.53238,,,,,,,0.03498,,,0.07223,,,,,,,,,,,,,,0.36197,,,,,0.15848,,,,,0.28777,,0.35562,,,,,,,,,,,,,0.4577,,,0.76826,,,,,,0.15056,0.03596,,,,0.04692,,,1.19811,,,,,0.03461,,,,,0.21093,0.23337,,,0.21298,,,,,,,,,,,0.53962,,,0.29726,,,,,,,,,0.06647,0.12205,,,2.09947,0.03743,,2.2687,,,,,,0.43416,,0.4232,,,,0.15746,15.91519,0.04183,0.63018,0.28954,0.1807,0.03696,0.25148,,
Strip.Cont.2,0.69333,0.32144,,0.30498,0.09726,,,0.13662,0.04233,0.10297,0.27288,,,,0.13095,,0.92574,0.14221,0.03002,0.41148,0.03324,,,,,0.05164,,,0.03931,0.34852,0.01947,,,,,,0.02071,0.29936,,,0.15552,,0.07843,,0.02612,,,,0.19554,,,,,,,,,,,0.07769,,,,,0.02095,0.03295,,,,,,,0.17207,,0.05561,,0.03251,0.07333,0.1142,0.152,,0.06521,0.28656,,,,0.72565,,,0.04584,,,0.23865,,0.02465,,,,,,0.04108,,0.0726,,0.0264,,,,0.19382,0.03767,0.03525,0.17826,,0.03774,0.17026,,0.02649,,,,0.05809,,,,0.02035,,0.23034,,,,,,,,,,,0.15469,,,,,,0.0363,,0.10163,,,,,,,,,,0.13549,0.09446,,0.66514,,,,,,,0.04702,,,0.09621,,,,,,,,,0.03004,,,,,0.17307,,,,,0.32846,,,,,0.33522,,0.10849,,,,,,,,,,,,,0.80234,,,0.853,0.02456,,,,,0.1061,0.05105,,,,0.08273,,,1.24168,,,,,0.04795,,,,,0.23836,0.42491,,,0.16661,,,,,0.10425,,,,,,1.19763,,,0.14811,,,,,,,,,0.19542,0.17491,,,4.4344,0.08201,,2.58242,,,,,,0.66173,,0.84161,,,1.06106,0.30334,31.17244,0.06015,1.32446,0.43666,0.55659,0.10119,0.53918,0.09763,
Strip.Cont.3,1.04842,0.47284,0.09377,0.26206,0.06575,,,0.11704,0.05027,0.11557,0.34187,,,,0.0928,,0.38554,,,0.46863,0.02414,,,,,0.05117,,,,0.39384,,,,,,,,0.25223,,,0.12313,,0.08863,,,,,,0.09513,,,,,,,,,,,0.09397,,,,,,,,,,,,,0.10323,,0.04495,,0.02039,0.03953,0.0951,0.19691,,0.06262,0.12612,,,,0.4067,,,,,,0.16128,,,,,,,,0.02035,,0.06566,,0.02597,,,,0.09126,0.02183,,0.14255,,,0.10872,,,,,,0.03144,,,,0.03479,0.02429,0.14389,,,,,,,,,,,0.08719,,,,,,0.022,,0.0587,,,,,,,,,,0.07192,0.0461,,0.4525,,,,,,,0.02351,,,0.04904,,,,,,,,,,,,,,0.13309,,,,,0.13614,,,,,0.20945,,,,,,,,,,,,,,,0.37647,,,0.33302,0.02906,,,,,0.14037,0.02179,,,,0.03103,,,0.42636,,,,,0.0213,,,,,0.13675,0.16552,,,,,,,,,,,,,,0.5888,,,0.37895,,,,,,,,,0.08522,0.08437,,,1.46944,,,1.11322,,,,,,0.26725,,0.3576,,,0.23273,0.09181,10.64176,0.06021,0.59528,0.30984,0.27027,0.04452,0.31974,,
Strip.MeJA.1,1.1327,0.48638,,0.32492,0.0832,0.21114,,0.19478,0.04857,0.71458,0.38782,1.51911,0.10477,,0.1782,,2.36073,0.13311,0.14756,0.33824,0.05064,0.20594,,,,0.11542,,,0.02411,0.55364,0.03118,,,,,,,0.36332,,,0.15725,,0.13731,,,,,,0.30145,,,0.02588,,,,,,,,0.08511,,,,,0.02418,0.03843,,,,,,,0.23615,0.02724,0.08376,,0.04566,0.06141,0.05437,0.16409,0.03398,0.09023,0.2573,,,,0.5518,0.02304,,0.04734,,,0.21925,,0.02606,,,,,,0.04928,,0.09138,,0.03616,,,,0.14208,0.03917,0.0322,0.20203,,0.1111,0.18852,,,,,,0.0255,,,,0.02281,0,0.24843,,,,,,,,,,,0.17285,,,,,,0.03456,,0.11877,,,,,,,,,,0.15984,0.10199,,0.65718,,,,,,,0.07009,,,0.46621,,,,,,,,,0.0251,,,,,0.23123,,,,,0.34201,,,,,0.35854,,0.09363,,,,,,,,,,,,,0.69677,,,0.96897,,,,,,0.08851,0.05155,,,,0.0795,,0.04673,1.44153,,,,,0.03775,,,,,0.28756,0.37688,,,0.2111,,,,,,,,,,,1.92315,,,,,,,,,,,,0.2369,0.17925,,,3.77175,,,3.40536,,,,,,1.02,,0.83592,,,0.7561,0.34509,31.45354,0.06183,1.79821,0.40165,0.61175,0.09747,0.56432,,
Strip.MeJA.2,0.97196,0.50863,,0.3824,0.11924,0.15934,0.02627,0.10321,0.04763,0.26632,0.39348,2.55859,0.14788,,0.2009,,4.77572,,0.04995,0.23298,0.16531,0.67324,0.67324,,,0.11419,,,,0.45052,0.07265,,,,,,,0.46606,,,0.21548,,0.09985,,0.03396,,,,0.42976,,,0.02204,,0.09259,,,,0.1779,,0.2736,,,,0.17399,0.07198,0.06949,0.11154,,,,0.12836,,0.42755,,0.07735,,0.03741,0.10742,0.15802,0.27325,0.07388,0.19661,0.64476,,,,0.82743,0.46924,,0.0306,,,0.22704,,0.04355,,,0.38696,,,0.03017,,0.17005,,0.04294,,0.03064,,0.20718,0.09564,0.09417,0.29096,,3.364,0.12468,0.11859,,,,0.12971,0.0902,,,,0.32481,0.52086,0.21961,,,,,,,,0.07734,,,0.1846,,,,,,0.08539,,0.09464,,,,,,,,,,0.10808,0.12385,0.14362,0.96836,,,,,,,,,0.33785,0.07773,,,,,,,,,0.02266,,,,,0.23763,,,,,0.29139,,,,,0.49904,,0.03766,,0.22148,0.04157,,,,,,,,,,1.50733,,,0.43193,0.04271,0.10628,,,,0.13632,0.06556,,,,0.07209,,0.02144,0.45935,,,0.03933,,0.05139,,,,,,0.36101,0.02506,,0.16132,,,,0.02755,0.07764,,,,,,0.26024,,,,,,,,,,,,,0.16759,,,3.53895,,,1.20762,0.10079,0.08024,,,,0.17075,,0.71733,,,0.64032,0.31654,9.61949,0.07112,0.88653,0.31238,0.2218,0.04174,0.34379,,